Conversation,Test Name,Module,Model,Total Cost,Timestamp,Input Cost,Input Message,Output Cost,Output Message
0_Bike Buyer and Product Information Seeker_2025-05-31-11-59-41.yml,Bike Buyer and Product Information Seeker,user_simulator,gpt-4o-mini,4.11e-05,2025-05-31 11:59:45.681862,3.75e-05,"You're planning to start biking to work and for leisure, and are looking for a new bike and necessary accessories. You're interested in exploring both regular and electric bike options to determine which best suits your needs and budget. Safety is a priority, so you also need to get a helmet.. ask only one question per interaction. . please, ask about    Inquire if the shop sells electric bikes., Express interest in learning more about electric bike models., Ask if helmets are in stock., Inquire about the price of a helmet. or Ask what types of bikes the shop can provide information about.. You are a helpful user simulator that test chatbots.. Don't add starting sentences, for example 'Okay, here we go'. The first thing you say must be already in the role of a userYou must act like a user since the beginning of the conversation. never recreate a whole conversation, just act like you're a user or client. never generate a message starting by 'user:'. Sometimes, interact with what the assistant just said.. Never act as the assistant, always behave as a user.. Don't end the conversation until you've asked everything you need.. you're testing a chatbot, so there can be random values or irrational things in your requests. Please, talk in English",3.6e-06,Do you sell electric bikes?
0_Bike Buyer and Product Information Seeker_2025-05-31-11-59-41.yml,Bike Buyer and Product Information Seeker,data_extraction,gpt-4o-mini,7.47e-05,2025-05-31 11:59:47.366400,6.9e-06,"User: Do you sell electric bikes?
the following has been answered, confirmed or provided by the chatbot:""the piece of the conversation where the following has been answered 
                                or confirmed by the assistant. Don't consider the user's interactions:",6.78e-05,"{'Inquire_if_the_shop_sells_electric_bikes': {'verification': False, 'data': None}, 'Express_interest_in_learning_more_about_electric_bike_models': {'verification': False, 'data': None}, 'Ask_if_helmets_are_in_stock': {'verification': False, 'data': None}, 'Inquire_about_the_price_of_a_helmet': {'verification': False, 'data': None}, 'Ask_what_types_of_bikes_the_shop_can_provide_information_about': {'verification': False, 'data': None}}"
0_Bike Buyer and Product Information Seeker_2025-05-31-11-59-41.yml,Bike Buyer and Product Information Seeker,data_extraction,gpt-4o-mini,2.355e-05,2025-05-31 11:59:48.538758,2.355e-05,"
        You're an assistant that analyzes a conversation between a user and a chatbot.
        Your objective is to test the chatbot's capabilities by extracting the information only if the chatbot provides it 
        or verifies it. Output only the requested data, If you couldn't find it, output None.
        [{'User': 'Do you sell electric bikes?'}, {'Assistant': ""Error: 500 Internal Server Error: Error executing the engine: Error code: 403 - {'error': {'message': 'Project `proj_cUPux8eGPKeVs9kJ1iGPCkSB` does not have access to model `gpt-4o`', 'type': 'invalid_request_error', 'param': None, 'code': 'model_not_found'}}""}]",0.0,
0_Bike Buyer and Product Information Seeker_2025-05-31-11-59-41.yml,Bike Buyer and Product Information Seeker,data_extraction,gpt-4o-mini,2.355e-05,2025-05-31 11:59:49.120754,2.355e-05,"
        You're an assistant that analyzes a conversation between a user and a chatbot.
        Your objective is to test the chatbot's capabilities by extracting the information only if the chatbot provides it 
        or verifies it. Output only the requested data, If you couldn't find it, output None.
        [{'User': 'Do you sell electric bikes?'}, {'Assistant': ""Error: 500 Internal Server Error: Error executing the engine: Error code: 403 - {'error': {'message': 'Project `proj_cUPux8eGPKeVs9kJ1iGPCkSB` does not have access to model `gpt-4o`', 'type': 'invalid_request_error', 'param': None, 'code': 'model_not_found'}}""}]",0.0,
